,Instrument,Performance_for_1_Year_to_Last_Month_End,Performance_for_3_Year_to_Last_Month_End,Alpha_for_1_Year_to_Last_Month_End,Alpha_for_3_Years_to_Last_Month_End,Alpha_for_5_Years_to_Last_Month_End,Alpha_for_10_Years_to_Last_Month_End,Beta_for_1_Year_to_Last_Month_End,Beta_for_3_Years_to_Last_Month_End,Beta_for_5_Years_to_Last_Month_End,Beta_for_10_Years_to_Last_Month_End,R_Squared_for_1_Year_to_Last_Month_End,R_Squared_for_3_Years_to_Last_Month_End,R_Squared_for_5_Years_to_Last_Month_End,R_Squared_for_10_Years_to_Last_Month_End,Standard_Deviation_for_1_Year_to_Last_Month_End,Standard_Deviation_for_3_Years_to_Last_Month_End,Standard_Deviation_for_5_Years_to_Last_Month_End,Standard_Deviation_for_10_Years_to_Last_Month_End,Sharpe_Ratio_for_1_Year_to_Last_Month_End,Sharpe_Ratio_for_3_Years_to_Last_Month_End,Sharpe_Ratio_for_5_Years_to_Last_Month_End,Sharpe_Ratio_for_10_Years_to_Last_Month_End,Information_Ratio_for_1_Year_to_Last_Month_End,Information_Ratio_for_3_Years_to_Last_Month_End,Information_Ratio_for_5_Years_to_Last_Month_End,Information_Ratio_for_10_Years_to_Last_Month_End,Max_Drawdown_for_1_Year_to_Last_Month_End,Max_Drawdown_for_3_Years_to_Last_Month_End,Max_Drawdown_for_5_Years_to_Last_Month_End,Max_Drawdown_for_10_Years_to_Last_Month_End,Treynor_Ratio_for_1_Year_to_Last_Month_End,Treynor_Ratio_for_3_Years_to_Last_Month_End,Treynor_Ratio_for_5_Years_to_Last_Month_End,Treynor_Ratio_for_10_Years_to_Last_Month_End,Correlation_for_1_Year_to_Last_Month_End,Correlation_for_3_Years_to_Last_Month_End,Correlation_for_5_Years_to_Last_Month_End,Correlation_for_10_Years_to_Last_Month_End,Tracking_Error_for_1_Year_to_Last_Month_End,Tracking_Error_for_3_Years_to_Last_Month_End,Tracking_Error_for_5_Years_to_Last_Month_End,Tracking_Error_for_10_Years_to_Last_Month_End,Daily_Value_Traded
0,LU0094219127,3.5210217,3.0302745,0.0075817,0.0020525,0.0024562,0.0010936,1.0207559,1.0749976,1.0828285,1.050816,0.4245679,0.7837746,0.8058314,0.7859416,0.189819,0.5539332,0.4738341,0.3495993,-0.3820331,-0.7843142,-0.6336602,-0.6467998,0.5286538,0.0766718,0.1778347,0.1026047,0.0,-0.9458648,-1.8249538,-3.0383292,-0.0067992,-0.0153615,-0.0103883,-0.0081131,0.6515888,0.8853105,0.8976811,0.8865335,0.013783,0.0098764,0.0079168,0.0061244,0.0
1,FR0010213355,3.6281892,3.3877633,0.0225084,0.0121275,0.0151186,0.0143461,1.4636587,1.1012392,1.1908343,1.1573069,0.3256587,0.6135128,0.5849769,0.5515401,0.2140626,0.5533847,0.471566,0.3466569,0.0563844,-0.2828507,0.0019656,0.2165083,0.6367878,0.6803788,0.845486,1.0997999,0.0,-0.7499392,-1.3042943,-1.9103607,0.0011446,-0.0062605,3.78e-05,0.0032416,0.5706651,0.7832706,0.7648378,0.7426574,0.024983,0.0152544,0.0150245,0.0117349,0.0
2,LU0568620131,3.3870056,2.6353527,0.0006248,-0.0096759,-0.0050009,0.0018053,1.2905474,1.0135913,1.1302677,1.2798561,0.5755859,0.7381171,0.7200625,0.6494025,0.1917068,0.5536646,0.4692139,0.3419568,-0.8990683,-1.3287202,-0.9848989,-0.5611356,-0.2640995,-0.9464532,-0.630471,-0.0693333,0.0,-1.1421867,-2.1168854,-3.1477806,-0.0137426,-0.0268169,-0.0170812,-0.0077433,0.7586738,0.8591374,0.8485649,0.8058552,0.0132856,0.0104713,0.0105471,0.0109106,0.0
3,FR0013296332,3.5599814,3.2747668,0.0272419,0.01184,0.0175349,,2.1817025,1.2604567,1.4114202,,0.4536735,0.5122126,0.4235593,,0.239145,0.5557677,0.4715441,,-0.1015789,-0.3252869,-0.0103665,,0.3369692,0.3367896,0.4935994,,0.0,-0.790045,-1.2585034,,-0.001747,-0.0078796,-0.0002344,,0.6735529,0.7156903,0.6508143,,0.0309288,0.0217974,0.0249741,,0.0
4,LU0987193264,3.3017897,2.3855643,-0.0075424,-0.0165716,-0.01132,0.0032675,1.1994694,1.0062326,1.1288605,1.4461942,0.586424,0.7262557,0.6943325,0.1601394,0.1880035,0.553031,0.4680739,0.3608021,-1.3547018,-1.6582452,-1.2844022,-0.2481033,-0.8716899,-1.5570078,-1.1579101,-0.0219807,0.0,-1.2641452,-2.3689516,-3.3722438,-0.0205149,-0.0337397,-0.0226844,-0.0068944,0.7657832,0.8522064,0.8332661,0.4001742,0.0119082,0.0107124,0.0111847,0.037162,0.0
5,LU0487547167,-3.2960753,-7.904463,-0.6178724,-0.429952,-0.0183221,-0.2939628,0.3628774,0.2443852,0.2691248,0.2147114,0.2943491,0.1471677,0.0511305,0.0401339,5.1819053,4.8805675,8.8756963,8.1878537,-0.3796659,-0.2272938,0.014745,-0.1013817,-0.3609566,-0.3430939,-0.0584254,-0.1785779,-4.581425,-7.9715465,-9.5715483,-33.8462189,-1.5834905,-1.3428396,0.136963,-1.0970556,0.5425395,0.3836244,0.2261206,0.2003344,1.9221845,2.1704014,2.8785929,2.8424646,0.0
6,LU0839527339,-3.3297957,-8.1663516,-0.6206315,-0.4378217,-0.0228593,-0.2999272,0.3616428,0.2442876,0.2678035,0.2111989,0.2918779,0.1472839,0.0503472,0.0388185,5.1858562,4.8768861,8.9028338,8.1920407,-0.3812782,-0.2329575,0.0127858,-0.1043426,-0.3616695,-0.3468234,-0.059927,-0.1806236,-4.6115551,-8.241966,-9.6792751,-34.2821264,-1.5969328,-1.3757571,0.1196849,-1.1480663,0.5402572,0.3837758,0.2243818,0.1970241,1.9264314,2.1698703,2.886697,2.8485834,0.0
7,LU0428380124,-5.220403,6.6085848,0.1897859,0.1529363,0.2159623,0.3095243,1.519207,1.2432042,1.3121029,1.0860144,0.2995819,0.1972219,0.2368542,0.2830777,15.1356211,14.5278306,14.415104,13.4396141,-0.167104,0.0185393,0.0704394,0.1065012,-0.0337937,0.0363767,0.0639202,0.0968273,-7.6755749,-12.9980782,-13.992978,-15.5992714,-0.4884873,0.0630005,0.2232864,0.3794876,0.5473408,0.4440967,0.4866767,0.5320505,3.8084481,3.8029764,3.6652048,3.2805901,0.0
8,JE00BN2CJ301,,,,,,,,,,,,,,,,,,,,,,,,,,,,,,,,,,,,,,,,,,,695841.84
9,IE00BYQDND46,-5.0121261,-16.0714286,-1.32129,-0.7593554,-0.1444799,,1.4243687,0.6484145,0.445352,,0.8166444,0.5121396,0.2855421,,8.7865835,7.9339042,7.1842574,,-0.2883889,-0.2572041,0.0218664,,-0.9005602,-0.4686332,-0.1696012,,-11.3985449,-22.4345364,-22.4345364,,-0.5081697,-0.9039222,0.1026164,,0.9036838,0.7156393,0.5343614,,1.2695247,1.8208053,2.2484116,,0.0
10,DE000A1C5D13,9.4244604,16.0559491,0.4884507,0.1796014,0.2496692,0.3918063,-0.6906178,0.5089968,1.256086,0.8615851,0.1620603,0.0580688,0.3221905,0.2705006,5.6019061,9.8590355,12.1149225,9.4578741,0.2827565,0.1114254,0.1656092,0.1996987,0.1880043,0.0176909,0.1090721,0.157113,-3.4344333,-12.0583229,-15.7606752,-15.7606752,-0.6591525,0.6172514,0.4604342,0.6314776,-0.4025671,0.2409747,0.5676183,0.5200967,2.1654226,2.8139431,2.9033857,2.3380919,0.0
11,LU0607983383,2.5852582,9.340669,-0.2524706,-0.0161039,0.3318755,0.46896,-1.735145,0.7446706,0.2969117,0.3629575,0.3033137,0.0748936,0.0241788,0.0386259,10.7058575,11.4707896,10.6116016,10.0611541,-0.0267982,0.0450501,0.1270203,0.1865658,0.0041157,-0.0227673,0.0619603,0.1146248,-9.1773557,-12.1395913,-12.1395913,-12.1395913,0.0476114,0.1995679,1.3061343,1.48712,-0.5507392,0.2736669,0.1554953,0.1965347,3.7126035,3.1879558,3.2186788,3.0071461,0.0
12,IE00BRJT7613,6.0345501,1.1483111,0.2502439,-0.3151622,0.1473693,,1.2354641,1.2823406,0.7464625,,0.1566332,0.3400057,0.2409322,,9.8135737,11.0994254,9.9930283,,0.0687548,-0.0211767,0.1014431,,0.0925392,-0.0991081,0.0383156,,-6.2570335,-19.5742164,-19.5742164,,0.1561979,-0.0528116,0.3919967,,0.3957691,0.5831,0.4908484,,2.5862507,2.63028,2.5586875,,0.0
13,LU1694789378,5.7967314,18.0566109,0.1742674,0.361657,0.2827719,,,,,,,,,,1.4396604,3.1798736,4.3067552,,0.411664,0.3923026,0.2262934,,0.411664,0.3923026,0.2262934,,-0.2055921,-2.4015539,-8.5881338,,,,,,,,,,0.4233243,0.9218828,1.2495809,,0.0
14,LU0151325312,4.7562945,2.8401303,0.1289357,-0.0296913,0.0399931,0.1136135,-0.0906816,0.0156149,0.0595146,0.0417313,0.3245808,0.0022946,0.0434179,0.0348226,1.7000564,4.029575,3.620619,2.9496032,0.1926567,-0.0191377,0.0625628,0.1668198,-0.096109,-0.1492499,-0.0976234,-0.136029,-0.2879958,-7.5578428,-7.5578428,-7.5578428,-1.013518,-1.3861982,1.0812515,3.366637,-0.56972,0.0479022,0.2083696,0.1866081,3.292365,3.597496,3.5331033,3.7024635,0.0
15,IE00BG1V1C27,1.8945985,1.5360627,-0.1386943,-0.0142598,0.3577801,,-0.0017677,-0.102847,-0.2269738,,3.31e-05,0.0343335,0.0779289,,2.4285618,4.3851412,5.8548857,,-0.199862,-0.045385,0.1822511,,-0.1088669,-0.1698303,0.0347661,,-1.5987356,-8.932063,-8.932063,,78.5795684,0.5551318,-1.3712622,,-0.0057553,-0.185293,-0.2791575,,2.3709442,2.7885181,3.054621,,0.0
16,LU1694789709,5.5603448,17.3229855,0.155627,0.3443415,0.2649529,,,,,,,,,,1.4413993,3.1922663,4.3208982,,0.366999,0.371916,0.2112835,,0.366999,0.371916,0.2112835,,-0.2668001,-2.4468655,-8.6411419,,,,,,,,,,0.4240529,0.9258583,1.2540159,,0.0
17,LU1946739494,,,,,,,,,,,,,,,,,,,,,,,,,,,,,,,,,,,,,,,,,,,
18,LU1648456215,4.1269183,-3.8583054,0.0233658,-0.206289,-0.0103109,,-0.1742324,-0.1392539,-0.1319715,,0.0622052,0.0317541,0.019109,,3.0559078,3.6709328,4.130813,,0.0484201,-0.2067106,-0.0123629,,0.08793,-0.1274162,-0.0259553,,-1.1302364,-10.6616944,-10.6616944,,-0.2392869,1.4989539,0.1109919,,-0.2494098,-0.1781967,-0.1382353,,1.670319,1.7760819,1.8304414,,0.0
19,IE00B81TMV64,8.131978,3.492823,0.356208,-0.0040708,0.3684241,0.3958935,0.9148681,0.5167943,0.2105518,0.057567,0.2670347,0.064114,0.0147801,0.0018392,9.5134124,9.5523202,10.2682705,8.265104,0.1308758,-0.0014886,0.1236293,0.1653934,0.1308758,-0.0014886,0.1236293,0.1653934,-6.3489418,-17.7066116,-17.7066116,-17.7066116,-0.4596257,0.2046428,0.9855114,7.3881329,0.5167546,0.2532075,0.1215734,0.0428854,2.7217258,2.7346986,2.9800707,2.3936474,0.0
20,FR0010674978,5.5873412,-1.3556535,0.1577579,-0.1373523,0.1375095,0.2608963,1.1125672,1.1590374,1.1790054,1.3721954,0.9279289,0.9764549,0.9566292,0.8832171,8.6100584,10.4464744,11.6977518,9.4269143,0.0638246,-0.0454965,0.0394517,0.0934789,0.0638246,-0.0454965,0.0394517,0.0934789,-6.3373168,-22.0047425,-22.0047425,-22.0047425,0.8299286,0.4188664,0.445663,0.4964065,0.9632907,0.9881621,0.9780802,0.9398118,2.4717396,3.0189634,3.4855098,2.790964,0.0
21,LU0539144625,3.0475517,-10.2521284,-0.0451484,-0.3999007,-0.0971071,0.1038874,0.5819436,0.5469395,0.5594891,0.6053226,0.948487,0.8337884,0.8037174,0.7879028,3.8798289,4.7168801,4.0811573,3.2731115,-0.0412134,-0.3017558,-0.0828387,0.1098806,-0.0412134,-0.3017558,-0.0828387,0.1098806,-1.682808,-14.5956891,-14.5956891,-14.5956891,-1.1790629,-0.2529692,0.0835374,0.3594811,0.973903,0.9131202,0.8965029,0.8876389,1.0954787,1.325246,1.1722434,0.9454575,0.0
22,LU0113258742,7.3343828,-7.6822339,0.1365569,0.0691199,0.096625,0.0793697,1.0262179,1.1451022,1.1652841,1.1586752,0.8835786,0.9397683,0.9590015,0.9492488,4.6731133,7.6279351,7.6089689,5.7515929,0.2241835,-0.1491343,0.0093175,0.1028897,0.312883,0.0331726,0.1589227,0.2110446,-1.4150903,-19.5799807,-19.5799807,-19.5799807,0.2869816,-0.2807415,0.0175861,0.1477593,0.9399886,0.9694165,0.9792862,0.974294,0.4493444,0.5916057,0.5400513,0.4356715,0.0
23,LU2216205182,6.2850729,-8.4139265,0.1938911,0.0834689,,,0.8493075,0.6984101,,,0.8963211,0.7885614,,,6.1807676,6.6906549,,,0.1215739,-0.1822557,,,0.3000041,0.237332,,,-2.108768,-16.6344294,,,0.2503657,-0.491948,,,0.9467424,0.8880098,,,0.6352078,1.1287112,,,0.0
24,IE0033758917,3.6686029,-0.141351,0.0027163,-0.1021833,0.0502394,0.0961695,-0.0210416,-0.0674101,-0.1510075,-0.0912338,0.0015835,0.011819,0.0167223,0.0132746,2.3384782,2.9314554,4.9348474,3.6073102,0.0075635,-0.12901,0.031242,0.0803051,0.0777069,-0.0759275,0.0061273,-0.020669,-1.265668,-7.8571429,-8.8436189,-8.8436189,-0.234274,1.5334118,-0.2998329,-0.9319042,-0.0397928,-0.108715,-0.1293147,-0.1152156,1.4170045,1.592746,2.0262425,1.7985335,0.0
25,LU1184248083,4.0290285,0.3811902,0.0330827,0.0451553,0.038719,,1.0499958,0.9587867,1.0713836,,0.9809343,0.9454661,0.870198,,1.8601062,1.9452194,1.852103,,0.065331,-0.1732967,-0.0533592,,0.4380375,0.4185192,0.1836198,,-0.4445077,-4.4334428,-4.7407928,,0.0322417,-0.0926892,-0.0254627,,0.9904213,0.9723508,0.9328441,,0.0756087,0.1216581,0.1869168,,0.0
26,LU1365052627,4.9706064,-17.7607312,0.021559,0.0047333,-0.014486,,1.138859,1.2833178,1.3046095,,0.9823371,0.980745,0.9706404,,6.4287118,9.0867723,8.1602136,,0.0595882,-0.2479994,-0.0880374,,0.0980919,-0.2059356,-0.0880939,,-2.4001413,-23.8430839,-24.2349693,,0.0956558,-0.5007313,-0.1589866,,0.9911292,0.9903257,0.9852108,,0.3283965,0.6709754,0.6757848,,0.0
27,LU1481584016,4.8330712,-3.6932959,0.3649503,0.1054528,0.271094,,0.9977879,0.7179865,0.5808869,,0.5740257,0.4622984,0.2522897,,6.8340243,6.6452955,6.9964457,,0.050626,-0.1089234,0.0977639,,0.2893063,0.1553233,0.1728548,,-3.3680556,-13.1440421,-13.1440421,,0.098225,-0.2840916,0.3376782,,0.7576448,0.6799253,0.5022845,,1.2635124,1.4614068,1.8811425,,0.0
28,IE00BF5B2C87,1.4185121,-5.8455708,-0.0936922,-0.1620828,,,0.3148893,0.2511846,,,0.353061,0.3170055,,,2.7354013,2.8713085,,,-0.2284088,-0.3372487,,,0.0755366,0.1013345,,,-1.9605851,-8.9246802,,,-0.5650694,-1.0619862,,,0.5941894,0.5630324,,,1.1861139,1.479833,,,0.0
29,LU0704114668,3.4987892,4.0055232,-0.1023417,0.0176308,-0.0335425,-0.0719919,0.4344159,0.3965465,0.5089426,0.4832812,0.8339144,0.6560871,0.6116452,0.5581579,2.4314782,3.6673952,4.4642018,3.8400782,-0.0126562,0.0092258,0.0560398,0.0740792,-0.2585711,0.0208363,-0.1072887,-0.2053372,-1.0775451,-6.799464,-7.6663632,-7.8440762,-0.0201007,0.0243494,0.1424938,0.1701752,0.9131891,0.809992,0.7820775,0.7470997,0.8671351,1.4286181,1.2664787,1.1537005,0.0
30,ES0161032000,3.5098967,2.8276232,0.0330191,0.0079843,0.0428207,,2.8717051,1.7351213,2.263916,,0.2915659,0.0464761,0.008757,,0.3170004,0.7630861,1.2994123,,-0.1270539,-0.1575162,0.0397913,,0.1135837,-0.034425,0.0755682,,0.0,-1.8107942,-2.4385811,,-0.0027287,-0.0126692,0.0062578,,0.5399685,0.2155832,0.0935787,,0.0562654,0.1368706,0.3549615,,0.0
31,IE00BJCX8K53,4.727458,0.9328358,0.0854355,-0.073206,,,-0.039718,-0.0250616,,,0.0179864,0.0025337,,,1.3487989,2.430296,,,0.2454988,-0.114472,,,0.146288,-0.0619567,,,-0.1120277,-6.6225166,,,-2.2562324,2.9386136,,,-0.1341133,-0.0503364,,,1.3315827,1.4721905,,,0.0
32,FR0010914572,3.7176451,3.4347529,0.0088579,-0.0037532,0.0174437,0.014369,0.0201142,0.0134248,0.1645928,0.1554865,0.0625205,0.0316293,0.1381836,0.130809,0.255257,0.5891651,0.8298513,0.6005414,0.2256538,-0.1434062,0.0370599,0.0949297,0.0169386,0.260729,0.1662573,0.0636768,0.0,-0.9046949,-1.521206,-2.0345136,0.4411135,-0.4193579,0.0443791,0.0862627,0.2500411,0.1778464,0.3717306,0.3616753,0.4804654,0.5145404,0.4144565,0.3072258,0.0
33,IE00B80G9288,3.4950072,-2.3553163,0.1639861,0.0368282,0.092142,0.1764004,0.6462543,0.4857825,0.2619702,0.1354278,0.2914565,0.2199096,0.0508303,0.0234105,6.1924301,6.4738065,6.9132281,5.1787813,-0.0051306,-0.0901707,0.0300762,0.1271091,0.1646376,0.1349415,0.0773014,0.0372767,-3.2810271,-13.0952381,-13.0952381,-13.0952381,-0.013983,-0.3409891,0.231232,1.4161787,0.5398671,0.4689452,0.2254558,0.1530049,1.5712997,1.8612122,2.3424014,2.0965559,0.0
34,IE00B4Y6FV77,3.1754241,-5.3335865,-0.0603793,-0.2578495,,,0.1680687,0.1841211,,,0.0589277,0.1182289,,,3.5396136,3.8852469,,,-0.0347931,-0.2337191,,,-0.1210024,-0.1479408,,,-1.2899897,-11.1227104,,,-0.2071114,-1.3669851,,,0.2427502,0.3438443,,,1.5450196,1.9273909,,,0.0
35,LU2386637925,4.2008197,,0.046875,,,,0.9925691,,,,0.9126626,,,,1.8317681,,,,0.0937243,,,,0.3122025,,,,-0.4098361,,,,0.0479533,,,,0.9553338,,,,0.1501255,,,,0.0
36,LU1915690835,1.6187167,4.749977,-0.1615052,0.0294661,0.1726703,,-0.134466,0.2107084,,,0.0349247,0.1170834,,,4.777858,3.7445277,3.3467187,,-0.1187258,0.0273856,0.1775506,,-0.1187258,0.0273856,0.1775506,,-2.768958,-2.7775488,-3.0060309,,-0.5793382,1.3353547,,,-0.1868815,0.3421745,,,1.3603205,1.0759674,0.9725133,,0.0
37,FR0011510056,4.0033831,4.8905317,0.0280807,0.0285783,0.1012585,,-0.0170267,0.0172814,0.0568744,,0.0035052,0.0233986,0.1734943,,1.3845788,1.260784,1.5370738,,0.0848848,0.1064419,0.1865542,,0.1816786,-0.0856465,0.1576594,,-0.7318446,-1.3033623,-2.1653354,,-1.867498,1.9207084,1.3931267,,-0.059205,0.152966,0.4165265,,1.376475,2.7299693,2.9588803,,0.0
38,LU1670722757,10.9450888,15.7751837,0.4314683,0.2309947,-0.0249188,,0.3385184,0.374071,0.8917405,,0.5381659,0.4065562,0.6756872,,1.9726757,4.3098779,9.1838963,,1.0083781,0.2565282,0.0924011,,0.1787039,0.0653442,-0.0366727,,-0.289489,-7.5167835,-17.7329163,,1.6844936,0.8219065,0.2899863,,0.7335979,0.6376176,0.8220019,,0.8971096,1.5771941,1.6180369,,0.0
39,IE00BZ048579,4.9959552,3.3539804,0.0490588,0.045893,0.0404524,,0.6311593,0.7995524,0.6076723,,0.7835892,0.8247809,0.3815744,,1.6894428,1.9244286,1.8418404,,-0.0207431,-0.2304865,0.0180637,,0.2492664,0.3659823,0.1359798,,-0.4389425,-3.9575393,-3.9575393,,-0.0158377,-0.1418941,0.0150411,,0.8852057,0.9081745,0.6177171,,0.3352627,0.2345487,0.4461576,,3858825.529
40,FI4000233242,6.5240186,2.2213152,0.1796738,0.0970475,0.0876224,,0.6849243,1.3180128,1.8070142,,0.5221589,0.8212856,0.8310851,,1.5811561,3.516048,4.6689687,,0.525785,-0.0398488,0.0421876,,0.4619105,0.1402971,0.0943236,,-0.016362,-8.6011838,-8.6011838,,0.3377834,-0.0291427,0.0316875,,0.7226056,0.9062481,0.9116387,,0.3375094,0.458769,0.7851951,,0.0
41,LU0853555893,2.973396,-8.2926829,-0.0511474,-0.3399066,0.0131527,0.1207984,,,,,,,,,8.3884413,8.3809582,7.348936,5.4314489,-0.0215861,-0.1428761,0.0062304,0.0773442,-0.0215861,-0.1428761,0.0062304,0.0773442,-6.8075117,-18.8139059,-18.8139059,-18.8139059,,,,,,,,,2.3694581,2.3790314,2.1110373,1.5618285,0.0
42,IE00BJCXFM61,4.5278005,0.5209357,0.0697339,-0.0845601,,,-0.0378106,-0.025352,,,0.0162841,0.0026107,,,1.349049,2.4210918,,,0.2018339,-0.1325836,,,0.1345607,-0.0697026,,,-0.1328293,-6.7219512,,,-1.9494788,3.3529996,,,-0.1276092,-0.0510954,,,1.3294544,1.4715554,,,0.0
43,LU0329592371,3.7555697,-1.8072289,0.0110362,0.0112562,0.0240941,0.0188717,1.2044728,1.1542937,1.3056937,1.2840738,0.9894981,0.8891184,0.8106056,0.7644081,2.1153377,2.3888147,2.3132082,1.7170494,0.0201274,-0.2357664,-0.0872737,0.0227333,0.095673,-0.0454933,0.0168576,0.0678985,-0.7638447,-6.746988,-6.8592058,-6.8592058,0.0098901,-0.1300361,-0.0431502,0.0085456,0.9947352,0.9429308,0.9003364,0.8743044,0.116908,0.2266747,0.3121675,0.2522042,0.0
44,LU0940006884,5.9731482,-7.5237108,-0.0016555,-0.0001784,0.0099151,-0.0004494,0.9894843,0.9636656,0.9881328,0.9884674,0.9953545,0.9868633,0.9870084,0.9839887,4.1544856,6.2775675,6.3630565,4.8182521,0.1605665,-0.17899,-0.0256709,0.0586183,-0.0454381,0.0551006,0.0503587,-0.0079515,-1.5343867,-16.6759135,-16.6759135,-16.6759135,0.1901513,-0.328651,-0.0477173,0.0825953,0.9976745,0.9934099,0.993483,0.9919621,0.0808281,0.2133582,0.2104978,0.1769726,0.0
45,FR0013285038,3.6965769,3.3720343,0.0071643,-0.0050088,0.0158864,,0.0209408,0.0164954,0.1670121,,0.0676272,0.0473528,0.1421134,,0.2539472,0.5890522,0.8300851,,0.1824128,-0.1855426,0.0283864,,0.0134265,0.2582596,0.1625735,,0.0,-0.9288238,-1.5383069,,0.3428575,-0.4434376,0.0335194,,0.2600523,0.217607,0.3769793,,0.4800575,0.5129365,0.4133519,,0.0
46,LU0219455952,5.3144152,-8.4780388,-0.0195637,0.0354113,0.0527781,-0.007235,0.9849425,1.0195801,1.0214783,0.9966039,0.9732265,0.9709374,0.9773784,0.9740397,9.4538852,10.727417,11.1570615,8.7934385,0.0056614,-0.1479039,-0.0138325,0.0510924,-0.0454278,0.0498191,0.1023725,-0.0186126,-5.5827052,-24.3573126,-24.3573126,-24.3573126,0.0154742,-0.4425119,-0.0441865,0.1317235,0.9865224,0.9853616,0.9886245,0.9869345,0.4423676,0.52323,0.4954383,0.4140746,0.0
47,IE00BDZRX185,4.743083,-4.418395,0.0363765,-0.2062131,-0.0913416,,0.3070286,0.3529468,0.5361249,,0.2912594,0.4165763,0.6123089,,3.1500412,4.3821695,6.2268094,,0.1029097,-0.1854413,-0.0166043,,-0.0662342,-0.1005735,-0.0857215,,-1.0869565,-13.7377342,-13.7377342,,0.2959215,-0.637392,-0.0566067,,0.5396846,0.6454272,0.7825017,,1.3072698,1.7085477,1.681204,,0.0
48,LU0566481197,6.4801641,-5.2294887,0.1443386,0.0918553,0.0887684,0.0452125,0.9258085,0.9179577,1.2496043,1.1982839,0.9108009,0.884179,0.8758983,0.8748982,6.152748,7.3350634,10.3883968,7.9978319,0.0609682,-0.1721604,0.0053026,0.0725748,0.2723555,0.1826043,0.0596498,0.0719138,-2.8755382,-21.0602169,-21.0602169,-21.0602169,0.1155508,-0.3859538,0.013262,0.1450436,0.9543589,0.9403079,0.9358944,0.9353599,0.5409567,0.7213929,1.2463998,0.9245909,0.0
49,LU1209899100,5.3055028,3.2549697,0.1170966,0.0091237,0.0259043,,0.4582349,0.6250241,0.8728302,,0.2714658,0.2743194,0.4550812,,5.0173027,7.1301459,8.8882977,,0.0946621,-0.0051401,0.0343176,,0.0632952,0.0112949,0.0084823,,-3.1030882,-18.00194,-18.00194,,0.295666,-0.0167388,0.1031113,,0.5210238,0.5237551,0.6745971,,1.5065418,1.8480876,1.9529914,,0.0
50,LU0700927352,4.3109807,-10.0509459,0.0436214,-0.3630655,-0.1730293,-0.0926798,0.1620893,0.4402574,0.9619718,0.572402,0.015435,0.1534393,0.4417068,0.24826,6.1467608,7.2647849,10.4430996,8.0398373,0.0323864,-0.192231,-0.009935,0.0515411,-0.0109056,-0.1512823,-0.0756839,-0.1118645,-3.3340832,-22.5315116,-22.5315116,-22.5315116,0.3479707,-0.8942062,-0.0326028,0.2174491,0.1242376,0.3917132,0.6646103,0.498257,2.0584416,2.1426253,2.3602057,2.2786024,0.0
51,LU0355584201,3.9103429,-15.2024917,-0.0126142,-0.0294556,0.0164874,0.0168803,1.0211522,0.9234458,0.9407041,0.9609558,0.9902266,0.9886783,0.9832441,0.9837066,6.7578303,7.2504542,6.4451998,5.3709553,0.0126165,-0.2703659,-0.0758506,0.0513235,-0.0608329,0.0515959,0.0989232,0.0690184,-2.7257179,-20.6179433,-21.2042992,-21.2042992,0.02383,-0.6037243,-0.149727,0.082851,0.9951013,0.994323,0.9915867,0.9918199,0.1947773,0.2775455,0.266923,0.2076447,0.0
52,IE00B1FZS681,3.9727365,-6.7903683,-0.0073218,-0.0146613,-0.0155688,0.0033448,1.0063506,1.0032638,1.00111,1.0048675,0.9990067,0.9981726,0.9978999,0.9874235,3.8150905,4.0283027,3.2677702,2.5724879,0.0270563,-0.2613999,-0.1363897,0.0228041,-0.2034175,-0.322122,-0.3680093,0.0411525,-1.3333478,-11.5471745,-11.9365051,-11.9365051,0.0291562,-0.2938102,-0.1267312,0.0167532,0.9995032,0.9990859,0.9989494,0.9936919,0.0348566,0.0483437,0.0426408,0.0828654,28843.66
53,LU0832429905,4.5515275,-15.5174896,0.0358487,-0.0076073,0.0126021,-0.0073635,1.0985295,0.9797321,0.9772257,0.9895783,0.9848707,0.9760248,0.9792128,0.9776908,7.2960708,7.7430389,6.7167625,5.5553893,0.036339,-0.2578912,-0.0780354,0.0357231,0.1247744,0.0115803,0.0581471,-0.0335281,-2.8944331,-21.4625018,-21.9009447,-21.9009447,0.068823,-0.5795893,-0.1543565,0.0578445,0.9924065,0.9879397,0.9895518,0.9887825,0.3158855,0.3438923,0.2822359,0.2399156,0.0
54,LU0336683767,1.9834769,-14.0437586,0.1065643,-0.1628155,-0.1088138,-0.0556668,0.8903895,0.8566785,0.7562831,0.6061452,0.5864134,0.7096602,0.6845478,0.6213787,5.9987152,6.3459514,5.5044113,4.5400547,-0.0770183,-0.2883002,-0.1261903,0.0101002,0.1223178,-0.1026612,-0.0806687,-0.0957166,-3.5168346,-18.3840611,-19.3230546,-19.3230546,-0.1478448,-0.6067666,-0.2643399,0.0218398,0.7657764,0.8424133,0.8273741,0.7882758,1.1109428,1.004193,0.984962,1.0493383,0.0
55,LU0231473439,10.0198503,5.1288999,0.0553634,0.0654654,0.0182276,-0.0001277,1.0089692,1.0343805,1.1104913,1.0500028,0.7900522,0.9484241,0.968451,0.9361311,4.2305661,7.9598155,10.4995196,7.8170926,0.4205747,0.0173672,0.0742951,0.1189711,0.1087863,0.1238316,0.0623812,0.0218502,-0.6387283,-15.2926185,-16.7631658,-16.7631658,0.4959884,0.0381835,0.2087708,0.2624305,0.8888488,0.9738707,0.9840991,0.9675387,0.5452887,0.5216943,0.6329039,0.5949883,0.0
56,LU0562248236,4.4364746,1.6207102,0.0266381,0.0290018,0.0521279,0.0336929,0.867388,0.9505256,0.8505217,0.8571913,0.8551741,0.8807532,0.680559,0.7020094,2.214358,2.1526775,1.8958222,1.4467028,-0.0860014,-0.2833106,0.0156554,0.0399871,0.1517157,0.1967755,0.1933614,0.1609181,-0.5999949,-5.0941928,-5.0941928,-5.0941928,-0.0628551,-0.1687811,0.009761,0.0188387,0.9247562,0.9384845,0.82496,0.83786,0.2573635,0.1974924,0.3094221,0.2275433,0.0
57,LU0210245469,4.6383908,-15.3335474,0.042719,-0.0013649,0.0171915,-0.0038185,1.0999175,0.9800835,0.9772547,0.9896206,0.9847595,0.9759956,0.9792066,0.9777174,7.3063354,7.7466286,6.7177587,5.5561324,0.0396131,-0.2550522,-0.0756612,0.037936,0.1455005,0.0291285,0.0743799,-0.0187514,-2.8682579,-21.3566763,-21.7879772,-21.7879772,0.0750281,-0.5732173,-0.1496608,0.061427,0.9923505,0.9879249,0.9895487,0.9887959,0.3184528,0.3441233,0.2822764,0.2397753,0.0
58,LU0290358224,3.1405293,0.1312457,0.256607,0.0653661,0.0321183,0.0100139,1.0093758,0.9820144,0.9801594,0.9743821,0.9293978,0.9523827,0.9561549,0.9642826,5.5703674,8.4466013,7.5845318,6.0692848,-0.0233456,-0.0390551,0.0443549,0.0883783,0.2805826,0.1261059,0.0732812,0.0166573,-3.6536944,-12.2685926,-12.2685926,-12.2685926,-0.5562439,0.0106921,0.115908,0.1945742,0.9640528,0.975901,0.9778317,0.9819789,0.8874684,0.5263117,0.415779,0.3177382,73580.6
59,LU0227127726,4.7339923,0.597405,0.0894945,0.0800336,0.0762382,0.0383293,0.8709831,1.1655412,1.4028519,1.3670097,0.8040565,0.7575158,0.6784202,0.6465785,1.731496,2.5839016,2.6925778,1.9785692,0.1898332,-0.1190236,-0.0134298,0.0535512,0.4074424,0.1608988,0.1103832,0.1020755,-0.4448122,-5.8673155,-5.8673155,-5.8673155,0.1034786,-0.0711212,-0.0072581,0.0218877,0.896692,0.8703538,0.8236627,0.804101,0.2194192,0.3535948,0.4658429,0.3533834,0.0
60,IE00B503VV16,8.7739959,52.6964858,0.1314391,0.5677071,0.3719935,0.4001681,0.4919124,0.670326,0.7322982,0.7031638,0.4085327,0.6213285,0.741513,0.7168464,13.4369462,15.5704324,17.4013349,14.1843886,0.0734878,0.2185925,0.1446398,0.1781844,-0.0068147,0.1144124,0.0781681,0.0971741,-6.5902209,-12.6292397,-24.8206484,-24.8206484,0.5785403,1.4480921,1.0071842,1.0487372,0.6391656,0.7882439,0.8611115,0.8466678,3.9251528,3.2296649,3.0492717,2.6529029,0.0
61,IE00B2R34Y72,7.3734729,-0.1217532,0.1685344,-0.2693375,-0.1424163,-0.0944738,0.3147267,0.814692,0.7960559,0.6204267,0.0541786,0.4675637,0.6171867,0.4760147,5.8670543,8.5138413,8.9544612,7.1217138,0.1795682,-0.0422442,0.0423385,0.0932517,-0.0618366,-0.1691751,-0.1218607,-0.1557319,-1.8486672,-16.0679037,-16.0679037,-16.0679037,0.9454076,-0.1262101,0.1390275,0.3116239,0.2327629,0.6837863,0.7856123,0.6899382,1.8171789,1.8159448,1.7007635,1.7373226,0.0
62,LU0320897043,5.4093394,28.7040732,-1.2976269,-0.2469044,-0.5194484,-0.4679464,1.1269741,0.7854656,0.9927938,0.9258662,0.5177359,0.5401014,0.6823191,0.6433268,13.9183332,16.5473717,19.3992312,16.4948466,0.0363812,0.1270123,0.112106,0.1255026,-0.4110852,-0.1428997,-0.166374,-0.1926697,-8.3492073,-17.1367795,-28.8699662,-28.8699662,0.1275074,0.7658162,0.6355247,0.6482703,0.7195387,0.7349159,0.8260261,0.8020766,2.7615579,3.3494504,3.1723617,2.872655,0.0
63,LU0996177563,21.6659167,40.0490253,0.0519754,0.0500071,0.0020786,,1.005418,1.0253807,1.008909,,0.9935531,0.9945488,0.9953607,,14.0913319,17.989993,18.4666159,,0.3048036,0.1407542,0.1805899,,0.1811746,0.1654557,0.0288369,,-8.2884427,-24.3344944,-24.3344944,,1.2114161,0.7124457,0.9557605,,0.9967714,0.9972707,0.9976777,,0.3215614,0.4040455,0.3667213,,0.0
64,IE00BFNM3G45,23.2805441,33.9575031,0.1115104,-0.0724954,-0.0046459,,1.0488157,1.0238361,1.0280732,,0.9926358,0.992984,0.9953773,,14.7762429,18.003037,18.8585314,,0.3184006,0.1170378,0.1793482,,0.4132953,-0.1257307,0.0555237,,-8.764035,-25.451948,-25.451948,,1.266041,0.5928688,0.9491812,,0.9963111,0.9964858,0.997686,,0.4067866,0.4507725,0.3985247,,629904.89
65,IE00BZ56RD98,16.5397162,39.347144,1.3964491,0.2804604,0.5388171,,0.6931439,0.7158451,0.7226602,,0.7113262,0.6694934,0.7452353,,13.5906618,15.6736992,16.7095091,,0.2220697,0.1599247,0.1869217,,0.6455428,0.0362827,0.1379922,,-8.4096921,-18.121688,-19.4933262,,1.2396507,1.001015,1.2438281,,0.8434015,0.8182258,0.8632701,,2.5316141,2.9586009,2.9033475,,198968.0
66,LU1681038326,42.4580489,34.8696259,1.3035314,-0.1590952,0.3542486,0.283709,1.0598991,1.1827234,1.1001458,1.1129544,0.7495179,0.8524281,0.859326,0.8458257,17.307612,22.4245333,21.8209938,18.4196227,0.5222092,0.0967861,0.223966,0.2393635,0.5629549,-0.0142753,0.1866947,0.1797136,-9.0199646,-32.5339576,-32.5339576,-32.5339576,2.3895845,0.5291604,1.2757018,1.1365493,0.865747,0.9232703,0.9269984,0.9196878,2.4389121,2.6497582,2.4090545,2.1328012,633896.0
67,LU0174119775,44.4575995,20.9691412,1.586867,-0.3383877,0.0172737,0.102138,0.9157423,0.9976106,0.9931232,1.0214548,0.8141104,0.7341201,0.791931,0.7579844,14.2918725,20.4317212,20.5592444,17.8432431,0.6588106,0.0550764,0.1636661,0.1957067,0.8435395,-0.1121807,0.0039862,0.0479949,-6.1483031,-34.8453177,-34.8453177,-34.8453177,2.8925957,0.3244782,0.9710936,0.9816267,0.9022807,0.8568081,0.889905,0.870623,1.7653608,3.0305895,2.6881209,2.5222105,0.0
68,IE00B5BMR087,20.4629866,35.5607298,-0.0239537,-0.0236761,-0.0268468,-0.0279536,0.9994908,1.0000719,1.0014953,0.9995808,0.9999977,0.9999987,0.9999487,0.9993523,13.9808164,17.5031086,18.3002831,15.1201688,0.2866918,0.1267878,0.1755387,0.195424,-3.8879742,-4.127476,-0.6572257,-0.2548488,-8.3112478,-24.0335042,-24.0335042,-24.0335042,1.1357548,0.640002,0.9268936,0.8536687,0.9999989,0.9999994,0.9999744,0.9996761,0.0063129,0.0057247,0.0386789,0.1111375,24128349.77
69,IE00BYVQ9F29,38.8210729,24.8687696,0.3267005,-0.8597522,-0.0190818,,1.6509491,1.2750362,1.1475058,,0.7353957,0.7490971,0.7358767,,17.2663113,22.558051,21.7600549,,0.502198,0.0792738,0.2092256,,0.3878824,-0.1612443,0.0461167,,-8.9771027,-35.0266944,-35.0266944,,1.4768177,0.4058608,1.1421141,,0.8575522,0.8655039,0.8578326,,2.9885853,3.4895501,3.2925058,,2243864.364
70,IE00BYX8XD24,6.8316694,18.4422435,-0.9912664,-0.5082362,-0.42123,,0.9747633,0.8137256,0.8748605,,0.4204984,0.6874689,0.7893374,,13.2450951,15.081107,15.8780052,,0.0673709,0.0852457,0.1284961,,-0.3546039,-0.2763202,-0.2578445,,-7.3943182,-20.3316631,-20.3316631,,0.2620008,0.4555777,0.6772606,,0.6484585,0.8291374,0.8884466,,2.8864384,2.5674626,2.1960309,,67511.34
71,LU0225434405,,,,,,,,,,,,,,,,,,,,,,,,,,,,,,,,,,,,,,,,,,,
72,LU0225434744,,,,,,,,,,,,,,,,,,,,,,,,,,,,,,,,,,,,,,,,,,,
73,LU0594300500,-32.2025316,-58.2736055,-0.4293238,-0.1833388,0.0004106,-0.0681061,0.9914513,1.0210341,1.0133506,0.9552799,0.9765197,0.9727254,0.9674761,0.9462424,23.5706949,30.6527117,27.3375022,23.1911861,-0.5284021,-0.3038682,-0.0965676,-0.0185412,-0.3782296,-0.1621619,-0.00675,-0.0415046,-32.2025316,-60.2056715,-60.2056715,-60.2056715,-3.6864856,-2.578727,-0.7453747,-0.1296269,0.9881901,0.9862684,0.9836037,0.9727499,1.0615532,1.4417886,1.4142366,1.5780765,0.0
74,LU0231204701,30.6434412,49.8165512,0.638021,0.2060743,0.1816806,0.1412924,0.8602528,0.895485,0.9582342,0.9555909,0.903658,0.8984074,0.9549815,0.9428748,11.24656,14.4858061,20.6141979,19.1841601,0.5688417,0.2232516,0.1454424,0.1499051,0.4053264,0.0886834,0.1097345,0.0777085,-3.021685,-18.9930991,-32.3184484,-37.5442248,2.10549,1.0249229,0.9564901,0.8966716,0.9506093,0.9478435,0.9772316,0.9710174,1.103877,1.3870261,1.3637529,1.3903017,0.0
75,IE00BYW5Q791,27.6125743,-0.7270324,2.1076468,0.3671922,0.6063055,,0.7792002,0.7198267,0.773237,,0.7791068,0.6790305,0.7660047,,15.4078711,15.2005558,16.8529497,,0.3702342,-0.0518859,0.1178047,,0.9671749,0.2114218,0.2325311,,-6.881077,-29.8200514,-29.8200514,,2.0734673,-0.3130736,0.7379473,,0.8826702,0.824033,0.8752169,,2.3233269,2.8276495,2.6524381,,0.0
76,LU0346390866,-22.4634656,-22.1383648,0.3863195,1.0695517,0.1563901,0.2637218,0.8983525,0.8210121,0.7916544,0.8387707,0.9270575,0.8837954,0.8420793,0.877854,21.9486594,26.1398944,23.1264017,21.3431924,-0.3943135,-0.1231533,-0.0662639,0.0352802,0.3827594,0.5155713,0.1023621,0.114102,-22.4634656,-35.1394422,-35.1394422,-36.1568627,-2.8234289,-1.0964417,-0.5482314,0.2560822,0.9628383,0.940104,0.9176488,0.9369386,1.8733062,2.9074022,3.0457581,2.3937067,0.0
77,IE00BKM4GZ66,-0.7662785,-16.8431897,0.1299873,0.0787032,0.0386979,,0.9666341,0.9671354,0.9934974,,0.9934101,0.9883163,0.9891506,,16.7127647,16.946443,18.8549073,,-0.1001964,-0.1483193,-0.0013088,,0.3573627,0.1930632,0.068231,,-11.6830022,-34.6946814,-34.6946814,,-0.4969432,-0.7418079,-0.007215,,0.9966996,0.994141,0.9945605,,0.422694,0.5477834,0.571561,,
78,IE00BQT3WG13,-27.8091663,-42.1469464,-1.1938906,-0.3055946,0.4532435,,0.5956259,0.5917361,0.6896034,,0.8481077,0.6984051,0.7092677,,15.1212304,20.401058,21.5792087,,-0.7023418,-0.2911165,-0.0098202,,0.0370529,0.1428048,0.1671104,,-27.8091663,-43.1117752,-43.1117752,,-5.2578904,-2.9156024,-0.0885275,,0.9209276,0.8357064,0.8421803,,3.2851495,4.7190153,4.0974777,,
79,IE00BTJRMP35,-3.236748,-21.337656,-0.0587971,-0.049584,-0.0499241,,1.0003741,0.998788,1.0029339,,0.9999165,0.9951288,0.9939531,,17.1791403,17.4496532,19.0287156,,-0.1396153,-0.1751167,-0.0174471,,-1.3053424,-0.1398163,-0.1166399,,-12.2682102,-36.1147557,-36.1147557,,-0.6901924,-0.8728297,-0.0959442,,0.9999583,0.9975615,0.996972,,0.0452243,0.3475014,0.4291801,,937483.655
80,IE00BZCQB185,26.4072752,43.6927506,0.1351391,-0.009884,0.0388449,,1.0275709,1.021341,0.9653587,,0.9567889,0.9763914,0.9800929,,12.9912726,15.7704467,21.0397445,,0.4157029,0.1782849,0.124334,,0.2230466,0.0101504,0.0134668,,-4.5901922,-15.9690119,-31.7538047,,1.4953362,0.7851195,0.8071296,,0.9781558,0.9881252,0.9899964,,0.7744609,0.6972888,0.9117873,,2901798.232
81,LU0181496059,-14.097239,-28.5542949,-0.3782774,0.0033683,0.2650476,0.2769968,0.8575336,0.8074634,0.9034422,0.9061803,0.9507462,0.9135954,0.9048283,0.9175453,16.6449442,18.8379847,20.3787592,17.6990268,-0.3475276,-0.213133,0.0185465,0.0816117,-0.1214745,0.1387309,0.1482111,0.1695508,-14.9165142,-37.6665756,-37.6665756,-37.6665756,-1.9620746,-1.4106751,0.1201545,0.4591472,0.9750622,0.9558218,0.9512246,0.9578858,1.3302616,1.9878629,1.9011633,1.548787,0.0
82,IE00B5M1WJ87,12.0145771,23.0951802,-0.0700958,-0.2613439,-0.4288032,-0.0826559,0.7803715,0.7669683,0.8644221,0.8272293,0.7724186,0.8626404,0.8869489,0.8701062,10.6930244,13.7927679,17.1300951,14.6851278,0.2137511,0.1208661,0.061521,0.1005051,-0.166904,-0.2638962,-0.2942943,-0.1081601,-5.9491672,-21.9422588,-27.4354321,-27.4354321,0.8331573,0.6229047,0.3586782,0.5205407,0.8788735,0.9287844,0.9417797,0.9327948,1.6345248,1.8412766,1.8508222,1.755297,884839.275
83,IE00BFNM3D14,12.0478279,33.9974127,-0.1794164,-0.4415776,-0.2279338,,1.1588259,1.1100031,1.0775927,,0.8706877,0.9431031,0.9381975,,10.5449614,14.2589313,15.8792258,,0.2171103,0.1745608,0.1509576,,-0.0569812,-0.3111454,-0.1360287,,-7.4021103,-19.1265184,-22.0602101,,0.5631998,0.6427723,0.6442724,,0.9331065,0.971135,0.968606,,1.1473139,1.0513077,1.1874738,,38948.6525
84,IE00BFMNHK08,11.125216,31.2621484,-0.2396882,-0.5084531,-0.1883891,,1.146807,1.1192156,1.0565425,,0.8732286,0.9268033,0.9369019,,10.4101377,14.515837,15.6253443,,0.1965114,0.1578412,0.1586304,,-0.1203445,-0.3195786,-0.1209695,,-7.8408999,-20.4611562,-20.4611562,,0.5090227,0.5862953,0.677487,,0.934467,0.9627063,0.9679369,,1.1157701,1.2028293,1.1573191,,266942.115
85,LU2183143846,6.6967336,37.8597916,-0.3303158,-0.103438,,,1.2839326,1.156284,,,0.6810994,0.7434914,,,13.3733023,16.78528,,,0.0635952,0.1647581,,,-0.0888919,0.0070597,,,-9.0175667,-20.0934579,,,0.1907097,0.6853118,,,0.8252875,0.8622595,,,2.2850238,2.4995459,,,0.0
86,DE0002635307,10.3008547,32.8638835,-0.3118667,-0.4664971,-0.2562667,-0.0768654,1.1517125,1.1092346,1.0934409,1.0407745,0.8736825,0.9478188,0.9438805,0.9443208,10.4505047,14.191371,16.0426189,14.220341,0.1745548,0.1692831,0.1462963,0.1357793,-0.1797461,-0.3492679,-0.1508427,-0.052864,-7.6344089,-18.6288204,-22.5904131,-22.5904131,0.4529727,0.6219419,0.622573,0.5366259,0.9347098,0.9735599,0.9715351,0.9717617,1.1241612,1.0095975,1.1680605,0.9831533,5848141.815
87,FR0007054358,14.9937882,44.9418778,-0.0299727,-0.0224595,-0.023859,-0.030401,1.0017109,0.9988649,0.9986989,0.9987107,0.9999366,0.9999192,0.9999517,0.9999224,11.9901486,16.78873,19.0756439,16.7859685,0.2543252,0.1949653,0.1504299,0.1216211,-1.0224191,-0.5438388,-0.6442329,-0.7262309,-8.9956721,-20.714346,-25.2581285,-25.2581285,0.8674373,0.9326283,0.8257212,0.5874572,0.9999683,0.9999596,0.9999759,0.9999612,0.0278138,0.0432916,0.0387507,0.0429583,2601296.55
88,LU0318940003,10.2652429,16.697047,-0.559618,-0.9209711,-0.1548931,0.1742849,1.4903069,1.1994737,1.0261227,0.9611504,0.8151712,0.8347636,0.8009557,0.7770957,14.1513113,16.4242995,16.431584,14.5532253,0.1296289,0.070165,0.1528226,0.1817441,-0.0978665,-0.3498987,-0.0625734,0.0759431,-10.8319739,-22.6691042,-22.6691042,-22.6691042,0.3482527,0.2746868,0.7059903,0.7918095,0.9028683,0.913654,0.8949613,0.8815303,2.0921809,2.0377892,2.117634,1.9826423,0.0
89,LU0389811539,10.0692929,35.1684347,-0.3181687,-0.3949736,-0.247735,-0.0887115,1.1453,1.0884441,1.0839488,1.0454426,0.8934717,0.9543385,0.9542638,0.9494646,10.2447364,13.8879275,15.8317971,14.2557472,0.1719091,0.185142,0.1482211,0.1332228,-0.209685,-0.3335531,-0.1690346,-0.0647147,-7.5297277,-17.2165802,-22.4246041,-22.4246041,0.440222,0.6777097,0.6272452,0.5250513,0.9452364,0.9769025,0.9768643,0.9744048,1.0198135,0.9082202,1.0405688,0.9425315,0.0
90,LU1482751903,26.5818311,32.0914792,-0.5021227,-0.1459128,-0.0214046,,0.708237,0.7216323,0.8413925,,0.5332101,0.7206459,0.7668503,,17.1896655,18.3118,19.6363081,,0.3472272,0.129583,0.2574757,,-0.389198,-0.1429474,-0.1040195,,-9.1381418,-24.4860387,-24.4860387,,2.3565631,0.9335554,1.7129031,,0.7302124,0.8489087,0.8756999,,3.588234,3.2324475,2.8563742,,0.0
91,IE00BJ5JS448,-7.2963837,15.5221746,-0.4056905,-0.3617716,,,1.231579,0.9873439,,,0.8815846,0.8052203,,,12.3305435,14.1759289,,,-0.2622759,0.0732152,,,-0.3685704,-0.2037496,,,-13.750877,-16.6019118,,,-0.752422,0.3052374,,,0.9389274,0.8973407,,,1.3665014,1.8172896,,,0.0
92,LU2146192377,5.9990897,22.8996032,0.2556541,-0.099774,-0.0380023,-0.0358642,1.1172704,0.9392525,1.0024641,0.9893946,0.818301,0.893607,0.8973152,0.8927974,16.2399468,18.1765365,17.8341505,15.0089081,0.0414107,0.0909633,0.1699719,0.1949495,0.124037,-0.0792427,-0.0215681,-0.0318686,-10.348666,-23.5109718,-23.5109718,-23.5109718,0.1702286,0.503947,0.8769669,0.8554137,0.9045999,0.9453079,0.9472672,0.9448796,2.005716,1.7268536,1.6574464,1.4221124,0.0
93,LU1985812830,13.3893958,62.8018496,-0.3065166,0.4263122,,,1.005178,0.9230048,,,0.5737857,0.6184909,,,11.848023,16.7267326,,,0.2243588,0.2626858,,,-0.1376125,0.1204448,,,-5.7002347,-12.9702343,,,0.7479632,1.3589856,,,0.7574864,0.7864419,,,2.1877711,2.965996,,,0.0
94,LU0463469121,16.3118632,17.7689757,0.4181855,-0.2620401,-0.1592222,-0.1027811,0.5182916,0.6876748,0.6264325,0.5667197,0.3756759,0.701867,0.6601407,0.5754557,7.5458586,11.6932136,11.9515741,10.1641723,0.451388,0.1062628,0.1327732,0.145877,-0.0427896,-0.2439636,-0.2015496,-0.1986801,-1.9605167,-18.8490074,-18.8490074,-18.8490074,1.8597527,0.5160584,0.7319209,0.7556386,0.6129241,0.837775,0.8124905,0.758588,2.0800576,2.2225874,2.6176923,2.5607226,0.0
95,IE00BFNM3J75,19.1080412,27.0879056,0.0848457,-0.0273676,-0.0063188,,1.0239689,1.0156167,1.0090932,,0.9974697,0.9978294,0.998578,,14.8005812,17.2567589,18.2020859,,0.2489116,0.0927618,0.148628,,0.4622466,-0.0815091,0.0038419,,-9.5368893,-26.2009521,-26.2009521,,1.0165481,0.4536832,0.7747891,,0.998734,0.9989141,0.9992888,,0.2319652,0.2436751,0.2039387,,3633503.973
96,LU1548499802,34.0070753,-19.5167068,-1.838158,-1.9112252,-0.9296187,,1.2990192,1.0642031,1.1273601,,0.6718364,0.6218614,0.6260967,,28.2320301,28.3956908,28.9098779,,0.2729817,-0.0851232,0.1241063,,-0.1945314,-0.3611318,-0.1380718,,-18.0844566,-50.0217132,-50.0217132,,1.6505033,-0.6601677,0.9137447,,0.8196563,0.7885819,0.7912627,,4.73704,5.0904022,5.1293841,,0.0
97,LU1842711688,19.1537377,19.4908062,0.0985613,-0.1329116,0.0920856,,1.0127027,0.8789689,0.8301637,,0.9287126,0.8998541,0.8565325,,15.0845566,15.7373666,16.1910696,,0.2435972,0.0639617,0.1584715,,0.0963893,-0.1232948,-0.0205011,,-8.8295165,-26.8418583,-26.8418583,,1.0310134,0.3294169,0.8919755,,0.9636973,0.9486064,0.9254904,,1.1455792,1.5498044,1.9786811,,0.0
98,ES0116561038,4.1535752,10.9555115,-0.2751037,0.0156403,-0.1282602,-0.1870237,0.7603232,0.6501285,0.9093868,0.8800738,0.8266388,0.5938323,0.6605388,0.6537658,4.6507787,7.3796257,9.628966,8.20473,0.0329102,0.0892324,0.0926895,0.0937617,-0.5580652,-0.0482445,-0.1011521,-0.1700812,-3.0590215,-11.4027265,-15.8836179,-17.0782864,0.0576395,0.2912313,0.2859937,0.2542687,0.9091968,0.7706051,0.8127354,0.8085578,0.6731105,1.6133732,1.6505349,1.4287449,0.0
99,LU1295556887,13.9130435,7.6923077,-0.555085,-0.8734036,-0.2840196,,1.2777249,1.0921961,1.068745,,0.848306,0.8260831,0.8402249,,12.3290804,16.9311702,18.0819344,,0.2255697,0.021766,0.147423,,-0.1712154,-0.3813957,-0.1024803,,-9.1525424,-29.5823096,-29.5823096,,0.6184666,0.0974342,0.7203432,,0.9210353,0.9088911,0.9166378,,1.5341421,2.073158,2.1099731,,0.0
100,LU0348927095,2.8369485,20.6234832,-1.3388196,-0.4783928,0.0034945,-0.076812,1.2124892,1.0029959,1.0296431,1.0642423,0.7948795,0.7996915,0.8629686,0.8341607,11.9348076,15.7400161,17.1027644,15.8026194,-0.0181105,0.0923455,0.2052275,0.2010109,-0.6777177,-0.2329151,0.0177616,-0.0088311,-10.6242515,-17.9544597,-20.8279431,-20.8279431,-0.051297,0.4201452,0.9894868,0.8648242,0.8915601,0.8942547,0.928961,0.913324,1.645362,2.0423973,1.8424755,1.8816397,0.0
101,LU2145462722,-5.743522,4.9816177,2.6052266,1.2426347,0.7021992,0.616904,0.9826638,0.6821053,0.6054085,0.6089433,0.8568134,0.5957863,0.5628733,0.5706313,24.2324368,24.4006626,24.1965177,20.2401459,-0.1117294,0.0050818,0.1734784,0.1661891,0.9974019,0.3527106,0.0659953,0.0834503,-21.9808996,-22.4349158,-22.4349158,-22.5358045,-0.8021392,0.0521976,1.986138,1.5820541,0.9256421,0.771872,0.7502488,0.7554014,2.6720364,5.1179935,5.6998552,4.726165,0.0
102,LU0346389348,27.027027,49.7738487,-0.5081263,0.2087894,0.2092687,0.2584108,0.7197394,0.7165915,0.8186591,0.8681231,0.6754745,0.7989059,0.8345498,0.8291807,15.4225497,17.3593185,18.3657079,17.0579029,0.3913087,0.2085714,0.3126742,0.3414767,-0.4821529,-0.0403935,-0.0446762,0.0217794,-6.5648855,-18.0209171,-18.0209171,-18.0209171,2.3595521,1.4271183,1.9939662,1.9080089,0.8218725,0.8938153,0.913537,0.9105936,2.8357723,2.799774,2.3718226,2.1140973,0.0
103,IE00B1XNHC34,-31.8620775,-52.2179442,-0.0431637,-0.0741442,-0.0666576,-0.0327136,0.9954047,0.9961992,0.9989005,0.9958951,0.9999249,0.9998822,0.9998692,0.9985022,26.906433,29.3753576,32.0243809,26.4589017,-0.4577661,-0.2658272,0.0595691,0.0343203,-0.3443669,-0.6740342,-0.6335513,-0.1143608,-36.8620704,-55.7242141,-55.7242141,-55.7242141,-3.6299091,-2.2651434,0.5516859,0.2626811,0.9999625,0.9999411,0.9999346,0.9992508,0.0774829,0.0976476,0.1062858,0.296664,474502245.0
104,LU0196034820,15.1905829,34.2259961,0.027737,-0.2175762,-0.1764282,-0.0313403,0.9268087,0.9710833,1.000827,0.9619681,0.693445,0.8717812,0.9036178,0.8873143,13.381715,17.2653894,19.8544941,17.0032817,0.2316392,0.1442674,0.1174576,0.1146238,-0.0187303,-0.1372723,-0.09791,-0.0329689,-9.0955285,-22.7436823,-26.0926288,-26.2369792,0.9529083,0.7395989,0.6784533,0.5878802,0.8327335,0.9336922,0.9505881,0.9419736,2.1258139,1.7879923,1.7947239,1.6663462,0.0
105,LU1923621996,20.7578677,-4.4759437,0.0588532,-0.8781162,-0.1240361,,1.1745861,1.1356478,1.0580483,,0.8421833,0.8285262,0.8202784,,18.7394832,21.092146,21.1167055,,0.2213476,-0.0545148,0.1154136,,0.1011793,-0.3115091,-0.030297,,-11.3555223,-40.9943755,-40.9943755,,0.983794,-0.2925993,0.6638199,,0.9177055,0.9102342,0.9056922,,2.1927626,2.6096184,2.5975367,,0.0
106,IE00BF12WY77,10.6368564,28.0784313,0.0835515,-0.0964813,-0.2065038,,1.418511,0.9188088,1.0727198,,0.5486195,0.5556564,0.6320792,,15.2082847,14.9494029,16.7533086,,0.1271484,0.1368073,0.1538943,,0.0724752,-0.0545224,-0.0492098,,-11.573472,-11.573472,-17.1132239,,0.3856493,0.6399442,0.6836079,,0.7406885,0.7454236,0.7950341,,3.03965,2.878906,2.9017214,,0.0
107,LU1079060882,4.2886938,6.6487497,0.0546266,0.0793688,0.1101914,,-0.0127755,-0.0098599,-0.0047375,,0.1887331,0.0335832,0.0067533,,0.3074664,0.5206013,0.5030171,,0.899757,0.8881317,0.9656639,,0.899757,0.8881317,0.9656639,,0.0,-0.1261713,-0.412522,,-2.0447619,-9.9178722,-28.2684065,,-0.4344342,-0.1832572,-0.0821783,,0.0607127,0.089366,0.1141094,,0.0
108,LU1277647274,-4.0237591,10.4760992,-0.2232395,-0.1772167,0.0582879,,0.9829836,0.9782921,0.757044,,0.9688836,0.9101218,0.8377359,,16.2044496,16.5241051,16.1737765,,-0.163051,0.0148147,0.0507668,,-0.2595451,-0.125706,1.1e-05,,-12.7880345,-20.2571093,-20.2571093,,-0.7716362,0.0732477,0.3167993,,0.9843188,0.954003,0.9152791,,0.8244173,1.4537031,2.3552089,,0.0
109,IE00B6YX4L58,8.8841215,8.7838933,0.3526645,0.1231122,0.037797,0.151678,0.1201449,0.0150842,0.4102096,0.260592,0.1567476,0.0005606,0.1703196,0.1127535,2.0335544,4.4227341,8.732712,6.3107155,0.7015192,0.1068168,0.0852563,0.1454593,-0.053663,-0.2658639,-0.0808951,-0.0815179,-0.454041,-9.1428826,-16.6139829,-16.6139829,3.4456088,8.9121125,0.5528443,1.0704486,0.3959136,0.0236769,0.412698,0.3357879,1.7947153,2.3170131,2.891664,2.5693298,0.0
110,LU1665238009,-2.9601093,19.7463602,-0.0603855,-0.2716795,0.1603954,,1.141085,1.0028842,0.9295192,,0.89046,0.8843006,0.9034739,,11.3851594,13.7099773,16.7291389,,-0.1674576,0.1005271,0.1156792,,-0.1052729,-0.1987318,0.0815555,,-11.1429225,-17.6214636,-24.7721091,,-0.4782393,0.39998,0.6174058,,0.9436419,0.9403726,0.9505125,,1.1436154,1.3573294,1.5822617,,0.0
111,LU0474968459,9.2774616,-7.5632704,3.7337667,0.9528129,0.3583661,,0.9487824,0.7162026,0.6339642,,0.8559225,0.5752614,0.5559064,,24.0154736,25.9198888,25.4055823,,0.0649992,-0.0424355,0.1204942,,1.4955891,0.2708755,0.0098246,,-18.9199511,-33.0199298,-33.0199298,,0.4679841,-0.4438694,1.3887368,,0.9251608,0.7584599,0.7455913,,2.6152609,5.376407,5.7967711,,0.0
112,LU1819479939,45.1838447,-23.4107182,0.3747476,-1.9838887,-0.2791878,,2.3144282,1.2747375,1.2173463,,0.5208273,0.3214782,0.3909646,,29.5750717,31.8477707,30.5092855,,0.3471733,-0.0918646,0.1056454,,0.2699474,-0.2280896,-0.0094355,,-12.0210176,-58.9632585,-58.9632585,,1.2148188,-0.6592002,0.7567529,,0.7216836,0.5669905,0.6252716,,6.515011,7.6172644,6.8744415,,0.0
113,LU1822773807,-4.2510121,-10.1329956,2.2900687,0.6526879,0.2684177,,0.8500428,0.5911857,0.5621559,,0.8190183,0.5044596,0.5401766,,21.763703,22.6960898,22.6735876,,-0.1050611,-0.0600016,0.1112679,,0.9884311,0.2431202,-0.0157951,,-20.3282828,-31.3516545,-31.3516545,,-0.7732777,-0.6702054,1.3009377,,0.9049963,0.7102532,0.7349671,,2.8429107,5.6680669,5.8327325,,0.0
114,ES0158867038,6.9446104,22.1942498,-0.2251338,0.1767791,-0.0741896,-0.2189496,1.166559,1.0501245,1.4290324,1.398889,0.8042152,0.5469087,0.6356529,0.620389,7.2343854,12.416441,15.4923016,13.4131707,0.1275435,0.1280599,0.1192622,0.1114502,-0.1627287,0.0789995,0.0373538,-0.0128267,-5.3601292,-16.2823843,-22.7738961,-23.4821792,0.2264745,0.4355152,0.3751181,0.310261,0.8967805,0.7395328,0.7972784,0.7876478,0.9541548,2.4072433,2.9186304,2.5538255,0.0
115,LU1529781624,12.590036,6.3450818,-2.0889583,-0.9773493,-0.7154786,,0.9701377,0.9804323,1.0081361,,0.6775508,0.8141386,0.8300269,,19.9217149,22.9649449,22.3214236,,0.1215945,0.0108425,0.1554057,,-0.6713841,-0.3510913,-0.2652206,,-15.9535177,-31.876862,-31.876862,,0.7142067,0.0728741,0.9890236,,0.8231347,0.9022963,0.9110581,,3.2389619,2.8433671,2.6455621,,0.0
116,LU1700711150,14.4945915,-6.7331064,-0.6996986,-1.1013644,-0.9737566,,0.5343968,0.7556128,0.8356718,,0.2817649,0.6155284,0.6238379,,17.4440612,20.4285739,21.113828,,0.1710685,-0.0501757,0.0726736,,-0.4329957,-0.3482634,-0.3228109,,-9.9389031,-40.4005694,-40.4005694,,1.5581439,-0.3878476,0.5334904,,0.5308154,0.7845562,0.7898341,,4.6993567,3.9131096,3.8812371,,0.0
117,LU0366533882,-2.9287637,-4.6289676,0.2423889,-0.388995,0.0365401,0.0848156,0.3595534,0.460546,0.5464419,0.6289185,0.3209627,0.4121408,0.531134,0.6254468,9.3907036,13.217918,13.7438395,12.5297974,-0.199064,-0.0598305,0.0773847,0.1206261,0.4618432,-0.1383672,-0.0520606,-0.0445117,-12.2155945,-25.6369138,-25.6369138,-25.6369138,-1.510282,-0.5017816,0.5682376,0.7006572,0.5665357,0.6419819,0.7287894,0.7908519,3.5540067,4.1480261,3.6661082,2.8114303,0.0
118,IE00BFRSYK98,7.139992,7.4849095,-0.2818896,-0.5525822,-0.245954,-0.2776418,1.7178381,0.8774335,1.0033169,0.9961071,0.7465598,0.4938,0.5800222,0.6231851,15.5738201,15.1020579,16.2961409,16.3752107,0.0625549,0.0232118,0.1360696,0.1392057,-0.0171091,-0.2059114,-0.0806101,-0.0966572,-11.6015625,-17.6492537,-17.6492537,-27.4114441,0.1626461,0.1151778,0.6309706,0.6625615,0.8640369,0.702709,0.7615919,0.7894207,2.7670616,3.1270144,3.0151051,2.910347,0.0
119,LU1684370999,22.8648612,-12.0400675,-0.8403265,-1.4625296,-0.9708009,,0.7375427,0.8863998,0.9258125,,0.5204772,0.7425032,0.75641,,17.9727759,21.768007,21.5380983,,0.2804032,-0.07245,0.1029717,,-0.4396107,-0.4871391,-0.355784,,-9.9829455,-44.7834227,-44.7834227,,1.9261788,-0.5142123,0.689749,,0.7214411,0.8616862,0.8697183,,3.7417185,3.2671396,3.0911011,,0.0
120,LU1951223004,18.1696383,-11.3499304,-0.952156,-1.5665536,,,1.9452022,1.2623493,,,0.8968566,0.7066901,,,18.5981874,21.0800676,,,0.2112875,-0.0710504,,,0.0147888,-0.3828881,,,-11.7768016,-42.7105263,,,0.5634095,-0.343872,,,0.9470251,0.8406486,,,2.91074,3.4767263,,,0.0
121,LU2129420225,-2.1878129,-8.3381462,-2.0793719,-1.1765292,,,1.5193477,0.9310408,,,0.5540939,0.5696754,,,17.9284929,17.3900725,,,-0.0930586,-0.0680011,,,-0.4160813,-0.3747912,,,-15.6079156,-29.4360656,,,-0.3157011,-0.3665618,,,0.7443748,0.7547685,,,3.6833041,3.3042215,,,0.0
122,LU2015349330,-1.958273,-11.1049832,-0.9798712,-1.1446932,,,1.5906779,0.9641866,,,0.6434513,0.5676729,,,15.5640896,15.405507,,,-0.1032831,-0.0955634,,,-0.2646953,-0.3988851,,,-15.7636028,-27.6455122,,,-0.2892601,-0.4422607,,,0.8021541,0.7534407,,,2.9727323,2.9366156,,,0.0
123,DE000A2T0VU5,,,,,,,,,,,,,,,,,,,,,,,,,,,,,,,,,,,,,,,,,,,174877.56
124,LU0654531341,15.6635183,33.6929641,0.1000492,-0.0882727,0.0385579,-0.0177119,0.7762035,0.8866616,0.918283,0.9398949,0.8844214,0.9491622,0.9553402,0.9568074,7.331755,12.9046989,14.5293462,13.0629871,0.440109,0.1909792,0.2243548,0.2285574,-0.1495933,-0.1991577,-0.0436994,-0.0903388,-4.0631066,-16.4876262,-18.4595836,-18.4595836,1.1817963,0.7975551,1.0280833,0.9181556,0.9404368,0.9742496,0.9774151,0.9781653,0.9063665,0.9537662,0.961633,0.8194748,0.0
125,LU2091935150,-9.9600496,-45.2229299,-1.8438475,-2.5259129,,,2.0634536,1.012865,,,0.576974,0.3234166,,,21.1279003,21.1189138,,,-0.1916505,-0.2852363,,,-0.3229894,-0.4925878,,,-24.769252,-54.2323165,,,-0.5668251,-1.7488786,,,0.759588,0.5686973,,,4.6328634,5.108387,,,0.0
126,LU1663901848,-12.6275427,11.4389921,0.1801396,-0.0789048,-0.012481,,0.7326307,0.8175951,0.8566947,,0.8442629,0.8474549,0.8565506,,11.7140396,16.4691638,17.0415057,,-0.4144006,0.0421208,0.0841882,,0.4305736,-0.0670314,-0.041606,,-15.7874371,-24.6378484,-24.6378484,,-1.9385353,0.2463503,0.4868007,,0.9188378,0.9205731,0.9255002,,1.7748079,2.1101161,2.0268705,,0.0
127,IE00BDCY2C68,4.7478522,-9.8954963,-1.9842513,-1.4694529,0.1953811,,1.9712166,1.2045006,1.0618307,,0.8663334,0.572118,0.5421139,,18.8228393,22.2930097,22.5240452,,0.0170584,-0.0600222,0.1923513,,-0.3065907,-0.2977527,0.0585337,,-16.4226936,-37.0053906,-37.0053906,,0.0462815,-0.3228595,1.1700968,,0.9307703,0.7563849,0.7362838,,3.1366353,4.318999,4.3795629,,0.0
128,LU0415391514,7.6613719,17.1299065,-0.1665786,-0.4857219,-0.2661701,0.1327025,1.488728,1.1081107,1.0638542,0.9631809,0.6036958,0.6798857,0.712618,0.7114988,14.9791836,16.3124456,15.5113307,14.8950646,0.0743084,0.0725069,0.1496153,0.242246,-0.0023557,-0.151305,-0.0877208,0.042469,-15.2273875,-18.97673,-18.97673,-18.97673,0.2148552,0.3066177,0.6259187,1.0790643,0.7769787,0.8245518,0.844167,0.8435039,2.9237884,2.6779335,2.3965421,2.3086261,0.0
129,LU0302447452,0.0068756,-0.0866818,-1.873987,-1.1016982,-0.2046419,-0.1963781,1.4999059,1.1145238,1.0490358,1.0453414,0.8023548,0.8419795,0.8206519,0.8274592,14.6090094,17.0793791,17.9127777,15.6130099,-0.0697035,-0.0206097,0.1599901,0.1734214,-0.5951304,-0.4947908,-0.0708002,-0.081678,-14.2130324,-22.4950471,-22.4950471,-22.4950471,-0.1965091,-0.0913832,0.7910167,0.7491393,0.8957426,0.9175944,0.9058984,0.9096478,2.2644433,2.0189501,2.2074532,1.8841451,0.0
130,IE00B6R52259,14.8198141,20.0541804,-0.203501,-0.1631979,-0.1240707,-0.1002311,1.0055355,0.9691674,0.9832365,0.9867754,0.9962236,0.9936124,0.9943336,0.9927175,14.4972602,16.4862136,17.72452,14.7575043,0.1789558,0.0637068,0.1253557,0.1302192,-0.782303,-0.4358541,-0.3460342,-0.2956591,-9.5933588,-25.483355,-25.483355,-25.483355,0.7313077,0.3122402,0.6548649,0.5633747,0.99811,0.9968011,0.9971628,0.9963521,0.253524,0.4084324,0.3963882,0.3687518,7936754.76
131,LU1985812756,12.7305936,44.7240894,-0.3864334,0.3239861,,,1.037565,1.0356294,,,0.8199091,0.7545273,,,16.5754581,20.4049083,,,0.1245958,0.141077,,,-0.1766236,0.1179849,,,-9.2378753,-22.875817,,,0.5612458,0.7934698,,,0.9054883,0.8686353,,,1.9893123,2.8911383,,,0.0
132,LU0329207053,,,,,,,,,,,,,,,,,,,,,,,,,,,,,,,,,,,,,,,,,,,0.0
133,LU1668657197,36.5673265,74.5343341,1.5973439,1.1224638,0.5026759,,0.6591923,0.7352831,0.9864298,,0.4070052,0.573579,0.6721266,,10.673663,11.8774103,15.6602161,,0.7722431,0.4317688,0.2362678,,0.4938726,0.423747,0.1920254,,-2.3877237,-6.0443354,-23.3413577,,3.4917654,1.9688293,1.07799,,0.6379696,0.75735,0.8198333,,2.4969253,2.3726217,2.5775894,,0.0
134,LU0828813369,42.2365471,22.1714011,-0.1719831,-0.2949353,-0.2109627,-0.1501802,0.9135879,0.8982787,0.922793,0.9438231,0.9302009,0.9299143,0.9371858,0.9311396,19.0461522,21.8544636,21.4275819,18.3853616,0.4737822,0.0561526,0.1956245,0.2109266,-0.286972,-0.2055324,-0.2031713,-0.1589998,-9.6062992,-36.8540719,-36.8540719,-36.8540719,2.7580829,0.3909407,1.3046874,1.1791735,0.9644692,0.9643206,0.9680836,0.9649557,1.4864931,1.7909628,1.6210176,1.4173686,0.0
135,LU0280430405,12.3408547,0.4791702,3.3418082,1.3384873,0.607723,0.3071685,0.7774442,0.6985379,0.6174843,0.5971327,0.8071169,0.6317283,0.6131124,0.5900941,24.1654866,26.0004582,25.4470414,20.6803699,0.0806596,-0.025614,0.135505,0.0813501,1.1854804,0.3829222,0.0644346,0.0384124,-18.4584067,-31.7787804,-31.7787804,-31.7787804,0.7119078,-0.2745894,1.6026086,0.8099352,0.8983968,0.7948134,0.783015,0.7681758,3.4922676,5.220134,5.7603933,4.8971033,0.0
136,LU0256845834,16.2843489,1.3379145,-0.2607913,-0.668189,-0.2220329,-0.0861245,1.1800159,1.0403372,0.9957734,0.9949219,0.8130467,0.7925071,0.8247115,0.8222327,18.9897602,19.6645022,19.7089453,16.3206863,0.1575509,-0.0294557,0.0972905,0.1216688,-0.0382802,-0.2487613,-0.0942212,-0.0448797,-13.1115246,-35.2408416,-35.2408416,-35.2408416,0.7126819,-0.1616512,0.5580756,0.578385,0.901691,0.8902287,0.9081363,0.9067705,2.4219466,2.6081297,2.3915444,1.9942462,0.0
137,IE00BFLQFY02,-1.3090339,8.4219591,-0.9261716,-0.0729928,0.0924667,0.113703,0.7272936,0.9509412,1.1621974,1.0393973,0.4048453,0.5849376,0.7167663,0.6192471,9.8501762,13.7209129,18.0105853,16.8583443,-0.1412479,0.0312839,0.0990463,0.1489667,-0.4842405,-0.0322218,0.0532109,0.0450311,-9.4049904,-12.1177501,-24.7855287,-30.7376309,-0.5570303,0.1316301,0.4465228,0.707103,0.6362746,0.7648121,0.8466205,0.7869226,2.3160885,2.5826052,2.8563113,3.0479186,0.0
138,IE00BJQ2XG97,6.30224,21.9133435,0.1947037,0.4064484,,,0.1617821,0.1068564,,,0.1036216,0.046757,,,3.9521214,3.8013717,,,0.1881668,0.4026342,,,0.0434559,0.0149826,,,-2.2133615,-2.9597082,,,1.3227057,4.22017,,,0.321903,0.2162338,,,2.1810138,2.3007268,,,0.0
139,LU2367661365,7.3722518,,0.3188244,,,,-0.1792974,,,,0.1801384,,,,3.3455305,,,,0.3111705,,,,0.0635353,,,,-2.6859904,,,,-1.6589764,,,,-0.4244271,,,,2.8053672,,,,0.0
140,IE00BKPFD774,-4.4856665,1.5068139,-0.7734311,-0.0407162,,,-0.1559623,0.2862227,,,0.0177204,0.0742584,,,6.5019135,5.3461433,,,-0.3615514,-0.0365239,,,-0.0245464,0.0011369,,,-6.9242418,-9.8617974,,,4.3456772,-0.202271,,,-0.133118,0.272504,,,2.6215826,1.8671734,,,0.0
